,param,weight
1,idiom,-0.2936782887317117
2,amb,-0.23164672896439842
3,obj,-0.0267640608127923
0,time,0.015194286778827544
4,sub,0.2584107897771894
